,Name,Team,Pos,Age,Games Played,Games Started,Pro Bowl,All Pro,Completions,Passing Attempts,Passing Yards,Passing TD,Interceptions,Rushing Attempts,Rushing Yards,Rushing Y/A,Rushing TD,Targets,Receptions,Receiving Yards,Y/R,Receiving TD,Fumbles,Fumbles Lost,Total TD,2PM,2PP,Fantasy Points,PPR,DraftKings Points,FanDuel Points,VBD,Position Rank,Overall Rank
0,Adrian Peterson,MIN,RB,27,16,16,1,1,0,0,0,0,0,348,2097,6.03,12,51,40,217,5.43,1,4,2,13,1,0,307,347.4,355.4,327.4,177,1,1
1,Doug Martin ,TAM,RB,23,16,16,1,0,0,0,0,0,0,319,1454,4.56,11,70,49,472,9.63,1,1,1,12,0,0,263,311.6,318.6,287.1,132,2,2
2,Arian Foster ,HOU,RB,26,16,16,1,0,0,0,0,0,0,351,1424,4.06,15,58,40,217,5.43,2,3,2,17,0,0,262,302.1,310.1,282.1,132,3,3
3,Marshawn Lynch ,SEA,RB,26,16,15,1,1,0,0,0,0,0,315,1590,5.05,11,30,23,196,8.52,1,5,2,12,0,0,247,269.6,277.6,258.1,116,4,4
4,Alfred Morris ,WAS,RB,24,16,16,0,0,0,0,0,0,0,335,1613,4.81,13,16,11,77,7.00,0,4,3,13,0,0,241,252.0,258.0,246.5,111,5,5
5,Calvin Johnson ,DET,WR,27,16,16,1,1,0,0,0,0,0,0,0,0,0,204,122,1964,16.10,5,3,3,5,0,0,220,342.4,348.4,281.4,102,1,6
6,Brandon Marshall,CHI,WR,28,16,16,1,1,0,0,0,0,0,1,-2,-2.00,0,192,118,1508,12.78,11,2,0,11,0,0,217,334.6,337.6,275.6,98,2,7
7,Drew Brees,NOR,QB,33,16,16,1,0,422,670,5177,43,19,15,5,0.33,1,0,0,0,0,0,5,1,1,0,0,346,345.6,368.6,364.6,95,1,8
8,Aaron Rodgers ,GNB,QB,29,16,16,1,0,371,552,4295,39,8,54,259,4.80,2,1,1,-1,-1.00,0,5,4,2,0,1,344,344.6,362.6,352.1,93,2,9
9,Ray Rice,BAL,RB,25,16,16,1,0,0,0,0,0,0,257,1143,4.45,9,83,61,478,7.84,1,1,0,10,0,0,222,283.1,289.1,252.6,92,6,10
10,Tom Brady ,NWE,QB,35,16,16,1,0,401,637,4827,34,8,23,32,1.39,4,0,0,0,0,0,2,0,4,0,0,340,340.3,351.3,348.3,90,3,11
11,Dez Bryant,DAL,WR,24,16,14,0,0,0,0,0,0,0,2,-5,-2.50,0,138,92,1382,15.02,12,5,2,12,1,0,208,299.7,304.7,253.7,89,3,12
12,A.J. Green,CIN,WR,24,16,16,1,0,0,0,0,0,0,4,38,9.50,0,164,97,1350,13.92,11,2,1,11,0,0,203,299.8,303.8,251.3,84,4,13
13,C.J. Spiller,BUF,RB,25,16,9,1,0,0,0,0,0,0,207,1244,6.01,6,57,43,459,10.67,2,3,3,8,0,0,212,255.3,264.3,233.8,82,7,14
14,Demaryius Thomas,DEN,WR,25,16,16,1,0,0,0,0,0,0,0,0,0,0,143,94,1434,15.26,10,3,3,10,0,0,197,291.4,297.4,244.4,79,5,15
15,Jamaal Charles,KAN,RB,26,16,15,1,0,0,0,0,0,0,285,1509,5.29,5,49,35,236,6.74,1,5,3,6,0,0,205,239.5,248.5,222.0,74,8,16
16,Trent Richardson ,CLE,RB,22,15,15,0,0,0,0,0,0,0,267,950,3.56,11,70,51,367,7.20,1,3,0,12,0,0,204,254.7,260.7,229.2,73,9,17
17,Cam Newton,CAR,QB,23,16,16,0,0,280,485,3869,19,12,127,741,5.83,8,1,0,6,0,0,10,3,8,0,0,323,323.5,344.5,335.5,73,4,18
18,Vincent Jackson,TAM,WR,29,16,16,1,0,0,0,0,0,0,0,0,0,0,147,72,1384,19.22,8,0,0,8,1,0,188,260.4,263.4,224.4,70,6,19
19,Stevan Ridley,NWE,RB,23,16,12,0,0,0,0,0,0,0,290,1263,4.36,12,14,6,51,8.50,0,4,2,12,0,0,199,205.4,210.4,202.4,69,10,20
20,Andre Johnson ,HOU,WR,31,16,16,1,0,0,0,0,0,0,0,0,0,0,162,112,1598,14.27,4,0,0,4,0,0,186,295.8,298.8,239.8,67,7,21
21,Robert Griffin III,WAS,QB,22,15,15,1,0,258,393,3200,20,5,120,815,6.79,7,1,0,0,0,0,12,2,7,0,0,318,317.5,330.5,322.5,67,5,22
22,Frank Gore,SFO,RB,29,16,16,1,0,0,0,0,0,0,258,1214,4.71,8,36,28,234,8.36,1,3,1,10,0,0,197,230.8,237.8,216.8,66,11,23
23,Eric Decker,DEN,WR,25,16,15,0,0,0,0,0,0,0,0,0,0,0,122,85,1064,12.52,13,0,0,13,0,0,184,269.4,272.4,226.9,66,8,24
24,Julio Jones ,ATL,WR,23,16,15,1,0,0,0,0,0,0,6,30,5.00,0,128,79,1198,15.16,10,0,0,10,0,0,183,261.8,264.8,222.3,64,9,25
25,Peyton Manning,DEN,QB,36,16,16,1,1,400,583,4659,37,11,23,6,0.26,0,0,0,0,0,0,2,2,0,0,1,311,311.0,327.0,322.0,60,6,26
26,Roddy White,ATL,WR,31,16,15,0,0,0,0,0,0,0,0,0,0,0,142,92,1351,14.68,7,1,0,7,0,0,177,269.1,272.1,223.1,59,10,27
27,Jimmy Graham,NOR,TE,26,15,9,0,0,0,0,0,0,0,0,0,0,0,135,85,982,11.55,9,1,0,9,0,0,152,237.2,240.2,194.7,56,1,28
28,Matt Ryan,ATL,QB,27,16,16,1,0,422,615,4719,32,14,34,141,4.15,1,0,0,0,0,0,3,2,1,0,0,305,304.9,326.9,318.9,54,7,29
29,Wes Welker,NWE,WR,31,16,12,1,0,0,0,0,0,0,2,20,10.00,0,174,118,1354,11.47,6,3,1,6,0,0,171,289.4,293.4,230.4,53,11,30
30,Marques Colston,NOR,WR,29,16,13,0,0,0,0,0,0,0,0,0,0,0,130,83,1154,13.90,10,4,2,10,0,0,171,254.4,259.4,212.9,53,12,31
31,Victor Cruz,NYG,WR,26,16,16,1,0,0,0,0,0,0,0,0,0,0,143,86,1092,12.70,10,0,0,10,0,0,169,255.2,258.2,212.2,51,13,32
32,Rob Gronkowski,NWE,TE,23,11,11,1,0,0,0,0,0,0,0,0,0,0,79,55,790,14.36,11,1,1,11,0,0,143,198.0,202.0,170.5,47,2,33
33,Matt Forte ,CHI,RB,27,15,15,0,0,0,0,0,0,0,248,1094,4.41,5,59,44,340,7.73,1,2,1,6,0,0,177,221.4,228.4,199.4,47,12,34
34,Michael Crabtree,SFO,WR,25,16,16,0,0,0,0,0,0,0,1,8,8.00,0,127,85,1105,13.00,9,0,0,9,0,0,165,250.3,253.3,207.8,47,14,35
35,Tony Gonzalez,ATL,TE,36,16,16,1,1,0,0,0,0,0,0,0,0,0,124,93,930,10.00,8,0,0,8,0,0,141,234.0,237.0,187.5,45,3,36
36,Chris Johnson ,TEN,RB,27,16,15,0,0,0,0,0,0,0,276,1243,4.50,6,49,36,232,6.44,0,5,4,6,0,0,176,211.5,221.5,193.5,45,13,37
37,Reggie Wayne,IND,WR,34,16,15,1,0,0,0,0,0,0,1,-5,-5.00,0,195,106,1355,12.78,5,1,1,5,0,0,163,269.0,273.0,216.0,45,15,38
38,James Jones,GNB,WR,28,16,16,0,0,0,0,0,0,0,0,0,0,0,98,64,784,12.25,14,0,0,14,0,0,162,226.4,229.4,194.4,44,16,39
39,Reggie Bush,MIA,RB,27,16,16,0,0,0,0,0,0,0,227,986,4.34,6,52,35,292,8.34,2,4,2,8,0,0,172,206.8,214.8,189.3,41,14,40
40,Shonn Greene,NYJ,RB,27,16,14,0,0,0,0,0,0,0,276,1063,3.85,8,30,19,151,7.95,0,4,1,8,0,0,167,186.4,193.4,176.9,37,15,41
41,Mike Williams,TAM,WR,25,16,16,0,0,1,1,28,0,0,0,0,0,0,126,63,996,15.81,9,0,0,9,0,0,155,217.7,220.7,186.2,36,17,42
42,Heath Miller,PIT,TE,30,15,15,1,0,0,0,0,0,0,0,0,0,0,101,71,816,11.49,8,0,0,8,1,0,132,202.6,205.6,167.1,36,4,43
43,Steven Jackson,STL,RB,29,16,16,0,0,0,0,0,0,0,258,1045,4.05,4,53,38,321,8.45,0,0,0,4,1,0,163,200.6,206.6,181.6,32,16,44
44,Tony Romo ,DAL,QB,32,16,16,0,0,425,648,4903,28,19,30,49,1.63,1,1,1,-1,-1.00,0,6,3,1,1,1,279,279.9,304.9,298.4,28,8,45
45,Russell Wilson ,SEA,QB,24,16,16,1,0,252,393,3118,26,10,94,489,5.20,4,0,0,0,0,0,6,3,4,0,1,278,277.6,296.6,287.6,27,9,46
46,Michael Turner,ATL,RB,30,16,16,0,0,0,0,0,0,0,222,800,3.60,10,30,19,128,6.74,1,3,1,11,0,0,157,175.8,182.8,166.3,26,17,47
47,Jason Witten,DAL,TE,30,16,16,1,0,0,0,0,0,0,0,0,0,0,147,110,1039,9.45,3,0,0,3,0,0,122,231.9,234.9,176.9,26,5,48
48,Andrew Luck ,IND,QB,23,16,16,1,0,339,627,4374,23,18,62,255,4.11,5,0,0,0,0,0,10,5,5,0,0,276,276.5,305.5,294.5,26,10,49
49,Ahmad Bradshaw,NYG,RB,26,14,12,0,0,0,0,0,0,0,221,1015,4.59,6,31,23,245,10.65,0,3,3,6,0,0,156,179.0,188.0,167.5,26,18,50
50,Matthew Stafford,DET,QB,24,16,16,0,0,435,727,4967,20,17,35,126,3.60,4,1,1,3,3.00,0,6,4,4,0,1,276,276.6,303.6,293.1,25,11,51
51,Randall Cobb,GNB,RB,22,15,8,0,0,0,0,0,0,0,10,132,13.20,0,104,80,954,11.93,8,4,1,9,0,0,155,240.6,247.6,200.6,24,19,52
52,Steve Smith,CAR,WR,33,16,16,0,0,0,0,0,0,0,3,27,9.00,0,137,73,1174,16.08,4,1,1,4,0,0,142,215.1,219.1,178.6,24,18,53
53,Lance Moore,NOR,WR,29,15,7,0,0,0,0,0,0,0,0,0,0,0,104,65,1041,16.02,6,0,0,6,0,0,140,205.1,208.1,172.6,22,19,54
54,BenJarvus Green-Ellis,CIN,RB,27,15,15,0,0,0,0,0,0,0,278,1094,3.94,6,30,22,104,4.73,0,3,2,6,0,0,152,173.8,181.8,162.8,21,20,55
55,Steve Johnson,BUF,WR,26,16,16,0,0,0,0,0,0,0,0,0,0,0,148,79,1046,13.24,6,1,1,6,0,0,139,217.6,221.6,178.1,20,20,56
56,Cecil Shorts,JAX,WR,25,14,9,0,0,0,0,0,0,0,1,-4,-4.00,0,105,55,979,17.80,7,1,1,7,0,0,138,192.5,196.5,165.0,19,21,57
57,Mikel Leshoure,DET,RB,22,14,14,0,0,0,0,0,0,0,215,798,3.71,9,49,34,214,6.29,0,3,3,9,0,0,149,183.2,192.2,166.2,19,21,58
58,Greg Olsen,CAR,TE,27,16,16,0,0,0,0,0,0,0,0,0,0,0,104,69,843,12.22,5,0,0,5,0,0,114,183.3,186.3,148.8,19,6,59
59,Torrey Smith,BAL,WR,23,16,16,0,0,0,0,0,0,0,3,9,3.00,0,110,49,855,17.45,8,0,0,8,0,0,134,183.4,186.4,158.9,16,22,60
60,LeSean McCoy,PHI,RB,24,12,12,0,0,0,0,0,0,0,200,840,4.20,2,67,54,373,6.91,3,4,3,5,0,0,145,199.3,208.3,172.3,15,22,61
61,Dennis Pitta,BAL,TE,27,16,5,0,0,0,0,0,0,0,0,0,0,0,94,61,669,10.97,7,0,0,7,0,0,109,169.9,172.9,139.4,13,7,62
62,T.Y. Hilton,IND,WR,23,15,1,0,0,0,1,0,0,0,5,29,5.80,0,90,50,861,17.22,7,1,0,8,0,0,131,187.0,190.0,162.0,13,23,63
63,Mike Wallace,PIT,WR,26,15,14,0,0,0,0,0,0,0,5,7,1.40,0,119,64,836,13.06,8,2,1,8,0,0,130,194.3,198.3,162.3,12,24,64
64,Owen Daniels,HOU,TE,30,15,14,1,0,0,0,0,0,0,0,0,0,0,104,62,716,11.55,6,0,0,6,0,0,108,169.6,172.6,138.6,12,8,65
65,Darren Sproles,NOR,RB,29,13,6,0,0,0,0,0,0,0,48,244,5.08,1,104,75,667,8.89,7,0,0,8,1,0,141,216.1,222.1,178.6,11,23,66
66,Miles Austin,DAL,WR,28,16,15,0,0,0,0,0,0,0,0,0,0,0,119,66,943,14.29,6,1,1,6,0,0,128,194.3,198.3,161.3,10,25,67
67,Kyle Rudolph ,MIN,TE,23,16,16,1,0,0,0,0,0,0,0,0,0,0,93,53,493,9.30,9,0,0,9,1,0,105,158.3,161.3,131.8,10,9,68
68,Brandon Myers,OAK,TE,27,16,16,0,0,0,0,0,0,0,0,0,0,0,105,79,806,10.20,4,0,0,4,0,0,105,183.6,186.6,144.1,9,10,69
69,Jeremy Maclin,PHI,WR,24,15,15,0,0,0,0,0,0,0,0,0,0,0,122,69,857,12.42,7,1,1,7,0,0,126,194.7,198.7,160.2,7,26,70
70,Jermaine Gresham,CIN,TE,24,16,15,1,0,0,0,0,0,0,0,0,0,0,94,64,737,11.52,5,2,1,5,0,0,102,165.7,169.7,133.7,6,11,71
71,Justin Blackmon,JAX,WR,22,16,14,0,0,0,0,0,0,0,2,23,11.50,0,132,64,865,13.52,5,1,0,5,1,0,121,184.8,187.8,152.8,2,27,72
72,Jordy Nelson,GNB,WR,27,12,10,0,0,0,0,0,0,0,0,0,0,0,73,49,745,15.20,7,0,0,7,1,0,119,167.5,170.5,143.0,0,28,73
73,Andy Dalton,CIN,QB,25,16,16,0,0,329,528,3669,27,16,47,120,2.55,4,0,0,0,0,0,4,4,4,0,0,251,250.8,276.8,266.8,0,12,74
74,Tyler Clutts,HOU,0,28,16,0,0,0,0,0,0,0,0,0,0,0,0,0,0,0,0,0,0,0,0,0,0,0,0,0,0,0,7,75
75,DeAngelo Williams,CAR,RB,29,16,10,0,0,0,0,0,0,0,173,737,4.26,5,20,13,187,14.38,2,2,2,7,0,0,130,143.4,151.4,136.9,0,24,76
76,Antonio Gates,SDG,TE,32,15,15,0,0,0,0,0,0,0,0,0,0,0,80,49,538,10.98,7,0,0,7,0,0,96,144.8,147.8,120.3,0,12,77
77,Richie Brockel ,CAR,0,26,16,0,0,0,0,0,0,0,0,0,0,0,0,1,0,0,0,0,0,0,0,0,0,0,0,0,0,0,2,78
78,Josh Freeman ,TAM,QB,24,16,16,0,0,306,558,4065,27,17,39,139,3.56,0,0,0,0,0,0,10,2,0,0,1,249,248.5,273.5,265.5,0,13,79
79,Joe Flacco,BAL,QB,27,16,16,0,0,317,531,3817,22,10,32,22,0.69,3,0,0,0,0,0,9,4,3,0,1,235,234.9,251.9,244.9,0,14,80
80,Eli Manning,NYG,QB,31,16,16,1,0,321,536,3948,26,15,20,30,1.50,0,0,0,0,0,0,5,1,0,0,0,233,232.9,251.9,247.9,0,15,81
81,Sam Bradford ,STL,QB,25,16,16,0,0,328,551,3702,21,13,36,124,3.44,1,0,0,0,0,0,7,1,1,0,4,230,230.5,250.5,243.5,0,16,82
82,Matt Schaub,HOU,QB,31,16,16,1,0,350,544,4008,22,12,21,-9,-0.43,0,1,1,-6,-6.00,0,4,0,0,0,1,225,225.8,240.8,237.3,0,17,83
83,Carson Palmer,OAK,QB,33,15,15,0,0,345,565,4018,22,14,18,36,2.00,1,0,0,0,0,0,7,5,1,0,2,224,224.3,246.3,238.3,0,18,84
84,Ben Roethlisberger,PIT,QB,30,13,13,0,0,284,449,3265,26,8,26,92,3.54,0,0,0,0,0,0,6,3,0,0,1,224,223.8,237.8,231.8,0,19,85
85,Ryan Fitzpatrick,BUF,QB,30,16,16,0,0,306,505,3400,24,16,48,197,4.10,1,0,0,0,0,0,8,6,1,0,0,214,213.7,241.7,229.7,0,20,86
86,Philip Rivers,SDG,QB,31,16,16,0,0,338,527,3606,26,15,27,40,1.48,0,1,0,0,0,0,15,7,0,0,0,208,208.2,233.2,223.2,0,21,87
87,Christian Ponder,MIN,QB,24,16,16,0,0,300,483,2935,18,12,60,253,4.22,2,1,1,-15,-15.00,0,7,5,2,0,1,193,194.2,217.2,205.7,0,22,88
88,Jay Cutler ,CHI,QB,29,15,15,0,0,255,434,3033,19,14,41,233,5.68,0,0,0,0,0,0,8,4,0,0,0,185,184.6,208.6,198.6,0,23,89
89,Ryan Tannehill,MIA,QB,24,16,16,0,0,282,484,3294,12,13,49,211,4.31,2,0,0,0,0,0,9,4,2,0,2,183,182.9,205.9,195.9,0,24,90
90,Colin Kaepernick,SFO,QB,25,13,7,0,0,136,218,1814,10,3,63,415,6.59,5,0,0,0,0,0,9,2,5,0,0,174,174.1,185.1,177.1,0,25,91
91,Brandon Weeden,CLE,QB,29,15,15,0,0,297,517,3385,14,17,27,111,4.11,0,1,0,-9,0,0,6,1,0,0,0,166,165.6,189.6,182.6,0,26,92
92,Michael Vick,PHI,QB,32,10,10,0,0,204,351,2362,12,10,62,332,5.35,1,0,0,0,0,0,11,5,1,0,0,152,151.7,172.7,161.7,0,27,93
93,Jake Locker,TEN,QB,24,11,11,0,0,177,314,2176,10,11,41,291,7.10,1,1,0,0,0,0,4,4,1,0,0,132,132.1,153.1,143.1,0,28,94
94,Alex Smith,SFO,QB,28,10,9,0,0,153,218,1737,13,5,31,132,4.26,0,0,0,0,0,0,3,1,0,0,0,123,122.7,134.7,127.7,0,29,95
95,Anquan Boldin,BAL,WR,32,15,15,0,0,0,0,0,0,0,1,3,3.00,0,112,65,921,14.17,4,0,0,4,1,0,118,183.4,186.4,150.9,0,29,96
96,Sidney Rice,SEA,WR,26,16,16,0,0,1,2,25,0,0,2,6,3.00,0,82,50,748,14.96,7,0,0,7,0,0,118,168.4,171.4,143.4,0,30,97
97,Mark Sanchez,NYJ,QB,26,15,15,0,0,246,453,2883,13,18,22,28,1.27,0,0,0,0,0,0,14,8,0,0,0,118,118.1,147.1,136.1,0,30,98
98,Danny Woodhead,NWE,RB,27,16,2,0,0,0,0,0,0,0,76,301,3.96,4,55,40,446,11.15,3,1,0,7,0,0,117,156.7,162.7,136.7,0,25,99
99,Denarius Moore,OAK,WR,24,15,15,0,0,0,0,0,0,0,1,-5,-5.00,0,114,51,741,14.53,7,3,0,7,0,0,116,166.6,169.6,141.1,0,32,100
100,Golden Tate,SEA,WR,24,15,15,0,0,1,1,23,1,0,3,20,6.67,0,68,45,688,15.29,7,1,1,7,0,0,116,160.7,164.7,138.2,0,31,101
101,Vick Ballard,IND,RB,22,16,12,0,0,0,0,0,0,0,211,814,3.86,2,27,17,152,8.94,1,3,0,3,0,0,115,131.6,137.6,123.1,0,26,102
102,Brandon Lloyd,NWE,WR,31,16,15,0,0,0,0,0,0,0,0,0,0,0,131,74,911,12.31,4,0,0,5,0,0,115,195.1,198.1,158.1,0,33,103
103,Chad Henne,JAX,QB,27,10,6,0,0,166,308,2084,11,11,19,64,3.37,1,0,1,-6,-6.00,0,4,2,1,0,0,113,114.2,130.2,124.7,0,31,104
104,Willis McGahee,DEN,RB,31,10,9,0,0,0,0,0,0,0,167,731,4.38,4,33,26,221,8.50,0,5,4,4,1,0,113,139.2,149.2,126.2,0,27,105
105,Brian Hartline ,MIA,WR,26,16,15,0,0,0,0,0,0,0,0,0,0,0,131,74,1083,14.64,1,1,1,1,0,0,112,186.3,190.3,149.3,0,34,106
106,Malcom Floyd ,SDG,WR,31,14,14,0,0,0,0,0,0,0,0,0,0,0,85,56,814,14.54,5,0,0,5,0,0,111,167.4,170.4,139.4,0,35,107
107,Darren McFadden,OAK,RB,25,12,12,0,0,0,0,0,0,0,216,707,3.27,2,63,42,258,6.14,1,2,2,3,0,0,111,152.5,160.5,131.5,0,29,108
108,DeMarco Murray,DAL,RB,24,10,10,0,0,0,0,0,0,0,161,663,4.12,4,42,35,251,7.17,0,3,2,4,0,0,111,146.4,154.4,128.9,0,28,109
109,Josh Gordon,CLE,WR,21,16,13,0,0,0,0,0,0,0,0,0,0,0,96,50,805,16.10,5,1,1,5,0,0,109,158.5,162.5,133.5,0,37,110
110,Andre Roberts,ARI,WR,24,15,15,0,0,0,0,0,0,0,4,29,7.25,0,114,64,759,11.86,5,1,0,5,0,0,109,172.8,175.8,140.8,0,36,111
111,Danario Alexander,SDG,WR,26,10,6,0,0,0,1,0,0,0,0,0,0,0,62,37,658,17.78,7,0,0,7,0,0,108,144.8,147.8,126.3,0,38,112
112,Antonio Brown ,PIT,WR,24,13,10,0,0,0,2,0,0,1,7,24,3.43,0,106,66,787,11.92,5,4,2,5,0,0,105,171.1,177.1,139.1,0,39,113
113,Santana Moss,WAS,WR,33,16,1,0,0,0,0,0,0,0,3,14,4.67,0,62,41,573,13.98,8,2,1,8,0,0,105,145.7,149.7,125.2,0,40,114
114,Joique Bell,DET,RB,26,16,0,0,0,0,0,0,0,0,82,414,5.05,3,68,52,485,9.33,0,2,2,3,0,0,104,155.9,163.9,129.9,0,30,115
115,Larry Fitzgerald,ARI,WR,29,16,16,1,0,0,0,0,0,0,0,0,0,0,156,71,798,11.24,4,0,0,4,0,0,104,174.8,177.8,139.3,0,41,116
116,Brandon Gibson,STL,WR,25,16,13,0,0,0,0,0,0,0,0,0,0,0,82,51,691,13.55,5,0,0,5,0,0,99,150.1,153.1,124.6,0,43,117
117,Percy Harvin,MIN,WR,24,9,8,0,0,0,0,0,0,0,22,96,4.36,1,85,62,677,10.92,3,2,1,5,0,0,99,167.3,171.3,136.3,0,42,118
118,Nate Washington,TEN,WR,29,16,14,0,0,0,0,0,0,0,0,0,0,0,89,46,746,16.22,4,1,0,4,0,0,99,144.6,147.6,121.6,0,44,119
119,Ryan Mathews,SDG,RB,25,12,9,0,0,0,0,0,0,0,184,707,3.84,1,56,39,252,6.46,0,2,2,1,0,0,98,136.9,144.9,117.4,0,31,120
120,Donnie Avery,IND,WR,28,16,15,0,0,0,0,0,0,0,4,9,2.25,0,124,60,781,13.02,3,1,0,3,0,0,97,157.0,160.0,127.0,0,45,121
121,Andre Brown,NYG,RB,26,10,2,0,0,0,0,0,0,0,73,385,5.27,8,17,12,86,7.17,0,0,0,8,1,0,97,109.1,112.1,103.1,0,32,122
122,Dwayne Bowe,KAN,WR,28,13,12,0,0,0,0,0,0,0,0,0,0,0,114,59,801,13.58,3,1,1,3,0,0,96,155.1,159.1,125.6,0,46,123
123,Brandon LaFell,CAR,WR,26,14,12,0,0,0,0,0,0,0,3,35,11.67,0,76,44,677,15.39,4,1,0,4,0,0,95,139.2,142.2,117.2,0,47,124
124,Pierre Thomas,NOR,RB,28,15,4,0,0,0,0,0,0,0,105,473,4.50,1,53,39,354,9.08,1,0,0,2,0,0,95,133.7,139.7,114.2,0,33,125
125,Blaine Gabbert,JAX,QB,23,10,10,0,0,162,278,1662,9,6,18,56,3.11,0,0,0,0,0,0,5,3,0,0,2,94,94.1,106.1,100.1,0,32,126
126,Martellus Bennett ,NYG,TE,25,16,16,0,0,0,0,0,0,0,0,0,0,0,89,55,626,11.38,5,0,0,5,0,0,93,147.6,150.6,120.1,0,13,127
127,Mark Ingram,NOR,RB,23,16,5,0,0,0,0,0,0,0,156,602,3.86,5,10,6,29,4.83,0,0,0,5,0,0,93,99.1,102.1,96.1,0,34,128
128,Darrius Heyward-Bey,OAK,WR,25,15,14,0,0,0,0,0,0,0,2,16,8.00,0,80,41,606,14.78,5,0,0,5,0,0,92,133.2,136.2,112.7,0,48,129
129,Felix Jones,DAL,RB,25,16,7,0,0,0,0,0,0,0,111,402,3.62,3,36,25,262,10.48,2,2,2,5,0,0,92,117.4,125.4,104.9,0,35,130
130,Scott Chandler,BUF,TE,27,15,13,0,0,0,0,0,0,0,0,0,0,0,74,43,571,13.28,6,2,1,6,0,0,91,134.1,138.1,112.6,0,14,131
131,Chris Givens,STL,WR,23,15,12,0,0,0,0,0,0,0,3,12,4.00,0,80,42,698,16.62,3,0,0,3,1,0,91,133.0,136.0,112.0,0,50,132
132,Jeremy Kerley,NYJ,WR,24,16,7,0,0,1,1,42,0,0,5,8,1.60,0,95,56,827,14.77,2,4,3,3,0,0,91,153.2,159.2,125.2,0,49,133
133,Knowshon Moreno,DEN,RB,25,8,6,0,0,0,0,0,0,0,138,525,3.80,4,26,21,167,7.95,0,1,1,4,0,0,91,112.2,119.2,101.7,0,36,134
134,Greg Little,CLE,WR,23,16,16,0,0,0,0,0,0,0,2,15,7.50,0,94,53,647,12.21,4,0,0,4,0,0,90,143.2,146.2,116.7,0,51,135
135,Pierre Garcon,WAS,WR,26,10,10,0,0,0,0,0,0,0,2,9,4.50,0,68,44,633,14.39,4,0,0,5,0,0,88,138.2,141.2,116.2,0,52,136
136,Jacquizz Rodgers ,ATL,RB,22,16,0,0,0,0,0,0,0,0,94,362,3.85,1,59,53,402,7.58,1,0,0,2,0,0,88,141.4,147.4,114.9,0,37,137
137,Hakeem Nicks,NYG,WR,24,13,11,0,0,0,0,0,0,0,0,0,0,0,100,53,692,13.06,3,0,0,3,0,0,87,140.2,143.2,113.7,0,53,138
138,Mike Tolbert,CAR,RB,27,16,5,0,0,0,0,0,0,0,54,183,3.39,7,39,27,268,9.93,0,0,0,7,0,0,87,114.1,120.1,100.6,0,38,139
139,Nick Foles,PHI,QB,23,7,6,0,0,161,265,1699,6,5,11,42,3.82,1,0,0,0,0,0,8,3,1,0,0,86,86.2,97.2,91.2,0,33,140
140,Vernon Davis ,SFO,TE,28,16,16,0,0,0,0,0,0,0,0,0,0,0,61,41,548,13.37,5,0,0,5,0,0,85,125.8,128.8,105.3,0,15,141
141,Kevin Kolb,ARI,QB,28,6,5,0,0,109,183,1169,8,3,16,100,6.25,1,0,0,0,0,0,2,2,1,0,0,85,84.8,95.8,87.8,0,34,142
142,Kendall Wright,TEN,WR,23,15,5,0,0,0,0,0,0,0,1,4,4.00,0,104,64,626,9.78,4,1,1,4,0,0,85,149.0,153.0,117.0,0,54,143
143,Davone Bess,MIA,WR,27,13,13,0,0,0,0,0,0,0,0,0,0,0,104,61,778,12.75,1,1,0,1,0,0,84,144.8,147.8,114.3,0,56,144
144,Brandon Stokley,DEN,WR,36,15,9,0,0,0,0,0,0,0,0,0,0,0,58,45,544,12.09,5,0,0,5,0,0,84,129.4,132.4,106.9,0,55,145
145,Danny Amendola,STL,WR,27,11,8,0,0,0,0,0,0,0,2,8,4.00,0,101,63,666,10.57,3,3,2,3,1,0,83,146.4,151.4,114.9,0,57,146
146,Kenny Britt,TEN,WR,24,14,11,0,0,0,0,0,0,0,0,0,0,0,90,45,589,13.09,4,2,1,4,1,0,83,127.9,131.9,105.4,0,58,147
147,Marcel Reece ,OAK,RB,27,16,14,1,0,0,0,0,0,0,59,271,4.59,0,73,52,496,9.54,1,2,0,1,0,0,83,134.7,140.7,108.7,0,39,148
148,Bilal Powell,NYJ,RB,24,14,2,0,0,0,0,0,0,0,110,437,3.97,4,36,17,140,8.24,0,0,0,4,0,0,82,98.7,104.7,90.2,0,40,149
149,Jonathan Dwyer,PIT,RB,23,13,6,0,0,0,0,0,0,0,156,623,3.99,2,25,18,106,5.89,0,2,2,2,0,0,81,98.9,106.9,89.9,0,42,150
150,DeSean Jackson,PHI,WR,26,11,11,0,0,0,0,0,0,0,3,-7,-2.33,0,87,45,700,15.56,2,1,0,2,0,0,81,126.3,129.3,103.8,0,59,151
151,Fred Jackson,BUF,RB,31,10,8,0,0,0,0,0,0,0,115,437,3.80,3,42,34,217,6.38,1,5,4,4,0,0,81,115.4,125.4,98.4,0,41,152
152,Bryce Brown,PHI,RB,21,16,4,0,0,0,0,0,0,0,115,564,4.90,4,19,13,56,4.31,0,4,3,4,0,0,80,93.0,99.0,86.5,0,43,153
153,Andrew Hawkins,CIN,WR,26,14,2,0,0,0,0,0,0,0,6,30,5.00,0,80,51,533,10.45,4,1,0,4,0,0,80,131.3,134.3,105.8,0,60,154
154,Aaron Hernandez,NWE,TE,23,10,10,0,0,0,0,0,0,0,1,5,5.00,0,83,51,483,9.47,5,0,0,5,0,0,79,129.8,132.8,104.3,0,16,155
155,Matt Cassel,KAN,QB,30,9,8,0,0,161,277,1796,6,12,27,145,5.37,1,0,0,0,0,0,8,7,1,0,0,78,78.3,103.3,90.3,0,35,156
156,Lance Kendricks,STL,TE,24,16,14,0,0,0,0,0,0,0,0,0,0,0,64,42,519,12.36,4,1,0,4,1,0,78,119.9,122.9,98.9,0,18,157
157,Marcedes Lewis,JAX,TE,28,16,15,0,0,0,0,0,0,0,0,0,0,0,77,52,540,10.38,4,0,0,4,0,0,78,130.0,133.0,104.0,0,17,158
158,Michael Bush,CHI,RB,28,13,1,0,0,0,0,0,0,0,114,411,3.61,5,11,9,83,9.22,0,1,1,5,0,0,77,86.4,90.4,81.9,0,44,159
159,Jermichael Finley,GNB,TE,25,16,14,0,0,0,0,0,0,0,0,0,0,0,87,61,667,10.93,2,1,1,2,0,0,77,137.7,141.7,107.2,0,19,160
160,Matt Hasselbeck ,TEN,QB,37,8,5,0,0,138,221,1367,7,5,13,38,2.92,0,0,0,0,0,0,3,1,0,0,1,76,76.5,85.5,81.5,0,36,161
161,Rod Streater,OAK,WR,24,16,2,0,0,0,0,0,0,0,0,0,0,0,74,39,584,14.97,3,1,1,3,1,0,76,115.4,119.4,95.9,0,61,162
162,Jared Cook,TEN,TE,25,13,5,0,0,0,0,0,0,0,0,0,0,0,73,44,523,11.89,4,1,1,4,0,0,74,118.3,122.3,96.3,0,20,163
163,Leonard Hankerson,WAS,WR,24,16,5,0,0,0,0,0,0,0,2,5,2.50,0,57,38,543,14.29,3,0,0,3,0,0,73,110.8,113.8,91.8,0,62,164
164,Brent Celek,PHI,TE,27,15,14,0,0,0,0,0,0,0,0,0,0,0,88,57,684,12.00,1,1,1,1,0,0,72,129.4,133.4,100.9,0,21,165
165,Dwayne Allen,IND,TE,22,16,16,0,0,0,0,0,0,0,3,5,1.67,0,66,45,521,11.58,3,1,0,3,0,0,71,115.6,118.6,93.1,0,23,166
166,Brandon Pettigrew,DET,TE,27,14,11,0,0,0,0,0,0,0,0,0,0,0,102,59,567,9.61,3,4,2,3,0,0,71,129.7,134.7,100.2,0,22,167
167,Isaac Redman,PIT,RB,28,14,5,0,0,0,0,0,0,0,110,410,3.73,2,23,19,244,12.84,0,3,3,2,0,0,71,90.4,99.4,80.9,0,45,168
168,LaRod Stephens-Howling,ARI,RB,25,14,5,0,0,0,0,0,0,0,110,356,3.24,4,30,17,106,6.24,0,0,0,4,0,0,70,87.2,93.2,78.7,0,46,169
169,Domenik Hixon,NYG,WR,28,13,3,0,0,0,0,0,0,0,0,0,0,0,59,39,567,14.54,2,0,0,2,0,0,69,107.7,110.7,88.2,0,63,170
170,Kevin Ogletree,DAL,WR,25,15,1,0,0,0,0,0,0,0,2,9,4.50,0,55,32,436,13.63,4,0,0,4,0,0,69,100.5,103.5,84.5,0,64,171
171,Dallas Clark,TAM,TE,33,16,7,0,0,0,0,0,0,0,0,0,0,0,75,47,435,9.26,4,0,0,4,0,0,68,114.5,117.5,91.0,0,26,172
172,Donald Jones,BUF,WR,25,12,10,0,0,0,0,0,0,0,0,0,0,0,67,41,443,10.80,4,1,0,4,0,0,68,109.3,112.3,88.8,0,65,173
173,Jacob Tamme,DEN,TE,27,16,8,0,0,0,0,0,0,0,0,0,0,0,85,52,555,10.67,2,0,0,2,0,0,68,119.5,122.5,93.5,0,25,174
174,Daniel Thomas,MIA,RB,25,12,0,0,0,0,0,0,0,0,91,325,3.57,4,22,15,156,10.40,0,3,2,4,0,0,68,83.1,91.1,75.6,0,47,175
175,Ben Watson,CLE,TE,32,16,14,0,0,0,0,0,0,0,0,0,0,0,82,49,501,10.22,3,1,0,3,0,0,68,117.1,120.1,92.6,0,24,176
176,David Wilson,NYG,RB,21,16,2,0,0,0,0,0,0,0,71,358,5.04,4,9,4,34,8.50,1,1,1,6,0,0,67,77.2,81.2,75.2,0,48,177
177,Jackie Battle,SDG,RB,29,16,5,0,0,0,0,0,0,0,95,311,3.27,3,15,15,108,7.20,1,0,0,4,0,0,66,80.9,86.9,73.4,0,49,178
178,Joel Dreessen,DEN,TE,30,16,15,0,0,0,0,0,0,0,0,0,0,0,58,41,356,8.68,5,0,0,5,0,0,66,106.6,109.6,86.1,0,27,179
179,Michael Floyd ,ARI,WR,23,16,3,0,0,0,0,0,0,0,0,0,0,0,86,45,562,12.49,2,1,1,2,0,0,66,111.2,115.2,88.7,0,66,180
180,Josh Morgan,WAS,WR,27,16,15,0,0,0,1,0,0,0,3,25,8.33,0,73,48,510,10.63,2,1,0,3,0,0,66,119.5,122.5,95.5,0,67,181
181,Jason Avant,PHI,WR,29,14,6,0,0,0,0,0,0,0,0,0,0,0,76,53,648,12.23,0,1,0,0,0,0,65,117.8,120.8,91.3,0,69,182
182,Anthony Fasano,MIA,TE,28,16,16,0,0,0,0,0,0,0,0,0,0,0,69,41,332,8.10,5,0,0,5,1,0,65,106.2,109.2,85.7,0,28,183
183,Emmanuel Sanders ,PIT,WR,25,16,7,0,0,0,0,0,0,0,1,4,4.00,0,75,44,626,14.23,1,3,2,1,0,0,65,109.0,114.0,87.0,0,68,184
184,Bernard Pierce,BAL,RB,21,16,0,0,0,0,0,0,0,0,108,532,4.93,1,11,7,47,6.71,0,0,0,1,0,0,64,70.9,73.9,67.4,0,50,185
185,Kevin Walter,HOU,WR,31,16,14,0,0,0,0,0,0,0,0,0,0,0,68,41,518,12.63,2,0,0,2,0,0,64,104.8,107.8,84.3,0,71,186
186,Titus Young,DET,WR,23,10,8,0,0,0,0,0,0,0,2,16,8.00,0,56,33,383,11.61,4,0,0,4,0,0,64,96.9,99.9,80.4,0,70,187
187,Maurice Jones-Drew,JAX,RB,27,6,5,0,0,0,0,0,0,0,86,414,4.81,1,18,14,86,6.14,1,2,0,2,0,0,62,76.0,79.0,69.0,0,51,188
188,Daryl Richardson ,STL,RB,22,16,0,0,0,0,0,0,0,0,98,475,4.85,0,36,24,163,6.79,0,3,2,0,1,0,62,85.8,93.8,73.8,0,53,189
189,Shane Vereen,NWE,RB,23,13,1,0,0,0,0,0,0,0,62,251,4.05,3,13,8,149,18.63,1,1,1,4,0,0,62,70.0,77.0,66.0,0,52,190
190,Greg Jennings,GNB,WR,29,8,5,0,0,0,0,0,0,0,0,0,0,0,62,36,366,10.17,4,0,0,4,0,0,61,96.6,99.6,78.6,0,73,191
191,Randy Moss,SFO,WR,35,16,2,0,0,0,0,0,0,0,0,0,0,0,50,28,434,15.50,3,1,0,3,0,0,61,89.4,92.4,75.4,0,72,192
192,Jonathan Stewart,CAR,RB,25,9,6,0,0,0,0,0,0,0,93,336,3.61,1,23,17,157,9.24,1,2,0,2,0,0,61,78.3,84.3,69.8,0,54,193
193,Donald Brown,IND,RB,25,10,4,0,0,0,0,0,0,0,108,417,3.86,1,13,9,93,10.33,0,0,0,1,1,0,59,68.0,71.0,63.5,0,56,194
194,Ronnie Brown,SDG,RB,31,14,1,0,0,0,0,0,0,0,46,220,4.78,0,59,49,371,7.57,0,0,0,0,0,0,59,108.1,114.1,83.6,0,55,195
195,Alex Green,GNB,RB,24,12,4,0,0,0,0,0,0,0,135,464,3.44,0,30,18,125,6.94,0,1,0,0,0,0,59,76.9,82.9,67.9,0,57,196
196,Zach Miller,SEA,TE,27,16,15,0,0,0,0,0,0,0,0,0,0,0,53,38,396,10.42,3,1,1,3,0,0,58,93.6,97.6,74.6,0,29,197
197,Michael Jenkins,MIN,WR,30,16,8,0,0,0,0,0,0,0,0,0,0,0,72,40,449,11.23,2,0,0,2,0,0,57,96.9,99.9,76.9,0,74,198
198,Joe Morgan,NOR,WR,24,14,5,0,0,0,0,0,0,0,1,1,1.00,0,21,10,379,37.90,3,0,0,3,0,0,56,66.0,69.0,61.0,0,75,199
199,Tony Scheffler,DET,TE,29,15,4,0,0,0,0,0,0,0,0,0,0,0,85,42,504,12.00,1,0,0,1,0,0,56,98.4,101.4,77.4,0,30,200
200,Doug Baldwin ,SEA,WR,24,14,4,0,0,0,0,0,0,0,0,0,0,0,50,29,366,12.62,3,0,0,3,0,0,55,83.6,86.6,69.1,0,79,201
201,Alshon Jeffery,CHI,WR,22,10,6,0,0,0,0,0,0,0,0,0,0,0,48,24,367,15.29,3,0,0,3,0,0,55,78.7,81.7,66.7,0,77,202
202,Mario Manningham,SFO,WR,26,12,10,0,0,0,0,0,0,0,3,64,21.33,0,57,42,449,10.69,1,2,1,1,0,0,55,97.3,101.3,76.3,0,76,203
203,Tiquan Underwood,TAM,WR,25,14,3,0,0,0,0,0,0,0,1,1,1.00,0,55,28,425,15.18,2,0,0,2,0,0,55,82.6,85.6,68.6,0,78,204
204,Jeff Cumberland,NYJ,TE,25,15,12,0,0,0,0,0,0,0,0,0,0,0,53,29,359,12.38,3,0,0,3,0,0,54,82.9,85.9,68.4,0,31,205
205,Dexter McCluster,KAN,WR,23,16,6,0,0,0,0,0,0,0,12,70,5.83,0,77,52,452,8.69,1,2,2,1,0,0,54,106.2,111.2,80.2,0,80,206
206,Robert Turbin,SEA,RB,23,16,0,0,0,0,0,0,0,0,80,354,4.43,0,23,19,181,9.53,0,0,0,0,0,0,54,72.5,78.5,63.0,0,59,207
207,Beanie Wells ,ARI,RB,24,8,7,0,0,0,0,0,0,0,88,234,2.66,5,1,1,24,24.00,0,1,1,5,0,0,54,54.8,58.8,54.3,0,58,208
208,Kendall Hunter,SFO,RB,24,11,0,0,0,0,0,0,0,0,72,371,5.15,2,12,9,60,6.67,0,1,1,2,0,0,53,62.1,66.1,57.6,0,61,209
209,Rashad Jennings,JAX,RB,27,10,6,0,0,0,0,0,0,0,101,283,2.80,2,26,19,130,6.84,0,3,1,2,1,0,53,72.3,79.3,62.8,0,60,210
210,James Casey,HOU,TE,28,16,9,0,0,0,0,0,0,0,1,6,6.00,0,45,34,330,9.71,3,0,0,3,0,0,52,85.6,88.6,68.6,0,32,211
211,Tony Moeaki,KAN,TE,25,15,14,0,0,0,0,0,0,0,0,0,0,0,56,33,453,13.73,1,0,0,1,0,0,51,84.3,87.3,67.8,0,33,212
212,Earl Bennett,CHI,WR,25,12,4,0,0,0,0,0,0,0,0,0,0,0,49,29,375,12.93,2,0,0,2,0,0,50,78.5,81.5,64.0,0,82,213
213,Austin Pettis,STL,WR,24,14,2,0,0,0,0,0,0,0,0,0,0,0,48,30,261,8.70,4,0,0,4,0,0,50,80.1,83.1,65.1,0,81,214
214,Delanie Walker,SFO,TE,28,16,4,0,0,0,0,0,0,0,0,0,0,0,39,21,344,16.38,3,1,1,3,0,0,50,71.4,75.4,60.9,0,34,215
215,Shaun Draughn,KAN,RB,25,16,0,0,0,0,0,0,0,0,59,233,3.95,2,30,24,158,6.58,0,2,1,2,0,0,49,73.1,80.1,61.1,0,62,216
216,Mike Goodson,OAK,RB,25,12,0,0,0,0,0,0,0,0,35,221,6.31,0,16,16,195,12.19,1,0,0,1,0,0,48,63.6,69.6,55.6,0,63,217
217,Rueben Randle ,NYG,WR,21,16,1,0,0,0,0,0,0,0,0,0,0,0,32,19,298,15.68,3,1,0,3,0,0,48,66.8,69.8,57.3,0,84,218
218,Mohamed Sanu,CIN,WR,23,9,3,0,0,1,1,73,1,0,5,15,3.00,0,25,16,154,9.63,4,0,0,4,0,0,48,63.8,66.8,55.8,0,83,219
219,Justin Forsett,HOU,RB,27,16,0,0,0,0,0,0,0,0,63,374,5.94,1,5,3,38,12.67,0,0,0,1,0,0,47,50.2,53.2,48.7,0,64,220
220,Jacoby Jones,BAL,WR,28,16,3,1,1,0,0,0,0,0,1,6,6.00,0,55,30,406,13.53,1,2,0,4,0,0,47,95.2,98.2,80.2,0,85,221
221,Anthony McCoy,SEA,TE,25,16,5,0,0,0,0,0,0,0,0,0,0,0,28,18,291,16.17,3,0,0,3,0,0,47,65.1,68.1,56.1,0,35,222
222,Travis Benjamin,CLE,WR,23,14,3,0,0,0,0,0,0,0,6,66,11.00,0,37,18,298,16.56,2,1,1,3,0,0,46,70.4,74.4,61.4,0,86,223
223,Harry Douglas,ATL,WR,28,15,1,0,0,0,0,0,0,0,2,4,2.00,0,59,38,395,10.39,1,1,0,1,0,0,46,83.9,86.9,64.9,0,87,224
224,Julian Edelman,NWE,WR,26,9,3,0,0,0,0,0,0,0,4,45,11.25,0,32,21,235,11.19,3,1,1,5,0,0,44,77.0,81.0,66.5,0,89,225
225,Garrett Graham,HOU,RB,26,15,9,0,0,0,0,0,0,0,0,0,0,0,39,28,263,9.39,3,0,0,3,0,0,44,72.3,75.3,58.3,0,65,226
226,Dustin Keller,NYJ,TE,28,8,5,0,0,0,0,0,0,0,0,0,0,0,36,28,317,11.32,2,0,0,2,0,0,44,71.7,74.7,57.7,0,36,227
227,Brady Quinn,KAN,QB,28,10,8,0,0,112,197,1141,2,8,19,66,3.47,0,1,0,0,0,0,1,0,0,0,0,44,44.2,55.2,52.2,0,37,228
228,Jarius Wright,MIN,WR,23,7,1,0,0,0,0,0,0,0,2,11,5.50,0,36,22,310,14.09,2,0,0,2,0,0,44,66.1,69.1,55.1,0,88,229
229,Ryan Broyles,DET,WR,24,10,3,0,0,0,0,0,0,0,0,0,0,0,32,22,310,14.09,2,0,0,2,0,0,43,65.0,68.0,54.0,0,92,230
230,Nate Burleson,DET,WR,31,6,5,0,0,0,0,0,0,0,8,48,6.00,0,43,27,240,8.89,2,0,0,2,1,0,43,69.8,72.8,56.3,0,93,231
231,Riley Cooper,PHI,WR,25,11,5,0,0,0,0,0,0,0,0,0,0,0,47,23,248,10.78,3,0,0,3,0,0,43,65.8,68.8,54.3,0,94,232
232,Ronnie Hillman,DEN,RB,21,14,0,0,0,0,0,0,0,0,85,330,3.88,1,12,10,62,6.20,0,2,1,1,0,0,43,53.2,57.2,48.2,0,66,233
233,Stephen Hill,NYJ,WR,21,11,8,0,0,0,0,0,0,0,0,0,0,0,47,21,252,12.00,3,0,0,3,0,0,43,64.2,67.2,53.7,0,90,234
234,Aldrick Robinson,WAS,WR,24,15,2,0,0,0,0,0,0,0,1,14,14.00,0,19,11,237,21.55,3,0,0,3,0,0,43,54.1,57.1,48.6,0,91,235
235,Brad Smith,BUF,WR,29,15,2,0,0,0,1,0,0,1,14,116,8.29,1,22,14,152,10.86,2,1,0,4,0,0,43,62.8,69.8,56.8,0,95,236
236,Ben Tate,HOU,RB,24,11,0,0,0,0,0,0,0,0,65,279,4.29,2,11,11,49,4.45,0,1,1,2,0,0,43,53.8,57.8,48.3,0,67,237
237,Rob Housler,ARI,TE,24,15,9,0,0,0,0,0,0,0,0,0,0,0,68,45,417,9.27,0,0,0,0,0,0,42,86.7,89.7,64.2,0,37,238
238,Cedric Benson ,GNB,RB,30,5,5,0,0,0,0,0,0,0,71,248,3.49,1,15,14,97,6.93,0,1,0,1,0,0,41,54.5,57.5,47.5,0,69,239
239,Brandon Bolden,NWE,RB,22,10,0,0,0,0,0,0,0,0,56,274,4.89,2,2,2,11,5.50,0,0,0,2,0,0,41,42.5,45.5,41.5,0,68,240
240,Coby Fleener ,IND,TE,24,12,10,0,0,0,0,0,0,0,0,0,0,0,48,26,281,10.81,2,0,0,2,0,0,40,66.1,69.1,53.1,0,38,241
241,Louis Murphy,CAR,WR,25,16,5,0,0,0,0,0,0,0,1,3,3.00,0,61,25,336,13.44,1,1,0,2,0,0,40,70.9,73.9,58.4,0,96,242
242,Montell Owens,JAX,RB,28,13,4,0,0,0,0,0,0,0,42,209,4.98,1,10,8,113,14.13,0,0,0,1,1,0,40,48.2,54.2,44.2,0,71,243
243,Cedric Peerman,CIN,RB,26,14,1,0,0,0,0,0,0,0,36,258,7.17,1,9,9,85,9.44,0,0,0,1,0,0,40,49.3,52.3,44.8,0,70,244
244,Jonathan Baldwin,KAN,WR,23,15,7,0,0,0,0,0,0,0,0,0,0,0,47,20,325,16.25,1,0,0,1,0,0,39,58.5,61.5,48.5,0,100,245
245,T.J. Graham,BUF,WR,23,15,11,0,0,0,0,0,0,0,1,5,5.00,0,58,31,322,10.39,1,0,0,1,0,0,39,69.7,72.7,54.2,0,99,246
246,Devery Henderson,NOR,WR,30,15,9,0,0,0,0,0,0,0,1,13,13.00,0,47,22,316,14.36,1,1,0,1,0,0,39,60.9,63.9,49.9,0,97,247
247,Peyton Hillis,KAN,RB,26,13,2,0,0,0,1,0,0,0,85,309,3.64,1,14,10,62,6.20,0,2,2,1,0,0,39,49.1,54.1,44.1,0,72,248
248,Chaz Schilens,NYJ,WR,27,15,6,0,0,0,0,0,0,0,0,0,0,0,41,28,289,10.32,2,1,1,2,0,0,39,66.9,70.9,52.9,0,98,249
249,Tom Crabtree,GNB,TE,27,14,6,0,0,0,0,0,0,0,0,0,0,0,12,8,203,25.38,3,0,0,3,0,0,38,46.3,49.3,42.3,0,39,250
250,Logan Paulsen,WAS,TE,25,16,10,0,0,0,0,0,0,0,0,0,0,0,38,25,308,12.32,1,0,0,1,0,0,37,61.8,64.8,49.3,0,40,251
251,Lamar Miller,MIA,RB,21,13,1,0,0,0,0,0,0,0,51,250,4.90,1,8,6,45,7.50,0,0,0,1,0,0,36,41.5,44.5,38.5,0,73,252
252,Montario Hardesty,CLE,RB,25,13,1,0,0,0,0,0,0,0,65,271,4.17,1,5,2,16,8.00,0,2,0,1,0,0,35,36.7,39.7,35.7,0,76,253
253,Chris Ivory,NOR,RB,24,6,2,0,0,0,0,0,0,0,40,217,5.43,2,3,2,15,7.50,0,0,0,2,0,0,35,37.2,40.2,36.2,0,74,254
254,William Powell,ARI,RB,24,13,1,0,0,0,0,0,0,0,60,217,3.62,0,25,19,132,6.95,0,2,0,0,0,0,35,53.9,59.9,44.4,0,75,255
255,James Starks,GNB,RB,26,6,2,0,0,0,0,0,0,0,71,255,3.59,1,6,4,31,7.75,0,1,0,1,0,0,35,38.6,41.6,36.6,0,77,256
256,Toby Gerhart ,MIN,RB,25,16,0,0,0,0,0,0,0,0,50,169,3.38,1,27,20,155,7.75,0,2,2,1,0,0,34,54.4,62.4,44.4,0,78,257
257,Craig Stevens,TEN,TE,28,15,15,0,0,0,0,0,0,0,0,0,0,0,33,23,275,11.96,1,2,0,1,0,0,34,56.5,59.5,45.0,0,41,258
258,Charles Clay,MIA,RB,23,14,9,0,0,0,0,0,0,0,0,0,0,0,33,18,212,11.78,2,0,0,2,0,0,33,51.2,54.2,42.2,0,80,259
259,Kirk Cousins ,WAS,QB,24,3,1,0,0,33,48,466,4,3,3,22,7.33,0,0,0,0,0,0,1,0,0,1,0,33,32.8,38.8,35.8,0,38,260
260,Fred Davis,WAS,TE,26,7,7,0,0,0,0,0,0,0,1,1,1.00,0,31,24,325,13.54,0,0,0,0,0,0,33,56.6,59.6,44.6,0,43,261
261,Kellen Davis,CHI,TE,27,16,15,0,0,0,0,0,0,0,0,0,0,0,44,19,229,12.05,2,1,1,2,0,0,33,51.9,55.9,42.4,0,42,262
262,Kevin Smith,DET,RB,26,12,2,0,0,0,0,0,0,0,37,134,3.62,1,16,10,79,7.90,1,0,0,2,0,0,33,43.3,46.3,38.3,0,79,263
263,David Thomas,NOR,TE,29,15,7,0,0,0,0,0,0,0,0,0,0,0,17,11,86,7.82,4,0,0,4,0,0,33,43.6,43.6,38.1,0,44,264
264,Lance Ball,DEN,RB,27,15,0,0,0,0,0,0,0,0,42,158,3.76,1,12,7,61,8.71,1,1,1,2,0,0,32,38.9,42.9,35.4,0,81,265
265,Armon Binns,2TM,WR,23,11,5,0,0,0,0,0,0,0,0,0,0,0,40,24,277,11.54,1,1,1,1,0,0,32,55.7,59.7,43.7,0,103,266
266,Delone Carter ,IND,RB,25,10,0,0,0,0,0,0,0,0,32,122,3.81,3,2,1,13,13.00,0,1,0,3,0,0,32,32.5,35.5,32.0,0,83,267
267,Robert Meachem,SDG,WR,28,15,3,0,0,0,0,0,0,0,1,-6,-6.00,0,32,14,207,14.79,2,0,0,2,0,0,32,46.1,49.1,39.1,0,102,268
268,Eddie Royal,SDG,WR,26,10,2,0,0,0,0,0,0,0,3,22,7.33,0,44,23,234,10.17,1,1,0,1,0,0,32,54.6,57.6,43.1,0,104,269
269,Evan Royster,WAS,RB,25,16,0,0,0,0,0,0,0,0,23,88,3.83,2,23,15,109,7.27,0,0,0,2,0,0,32,46.7,49.7,39.2,0,82,270
270,John Skelton,ARI,QB,24,7,6,0,0,109,201,1132,2,9,4,5,1.25,0,0,0,0,0,0,4,2,0,0,0,32,31.8,45.8,40.8,0,39,271
271,Damian Williams,TEN,WR,24,13,2,0,0,0,0,0,0,0,0,0,0,0,45,30,324,10.80,0,0,0,0,0,0,32,62.4,65.4,47.4,0,101,272
272,Devin Hester,CHI,WR,30,15,5,0,0,0,0,0,0,0,3,6,2.00,0,40,23,242,10.52,1,1,0,1,0,0,31,53.8,56.8,42.3,0,107,273
273,Santonio Holmes,NYJ,WR,28,4,4,0,0,0,0,0,0,0,0,0,0,0,41,20,272,13.60,1,1,1,1,0,0,31,51.2,55.2,41.2,0,105,274
274,Marvin Jones ,CIN,WR,22,11,5,0,0,0,0,0,0,0,3,47,15.67,0,32,18,201,11.17,1,0,0,1,0,0,31,48.8,51.8,39.8,0,106,275
275,Jason Snelling ,ATL,RB,29,16,2,0,0,0,0,0,0,0,18,63,3.50,0,35,31,203,6.55,1,1,1,1,0,0,31,61.6,65.6,46.1,0,84,276
276,Dwayne Harris,DAL,WR,25,16,0,0,0,0,0,0,0,0,0,0,0,0,31,17,222,13.06,1,1,0,2,1,0,30,53.2,56.2,44.7,0,108,277
277,Michael Robinson,SEA,WR,29,16,6,0,0,0,0,0,0,0,12,49,4.08,0,15,13,126,9.69,2,0,0,2,0,0,30,42.5,45.5,36.0,0,109,278
278,Jordan Cameron,CLE,TE,24,14,6,0,0,0,0,0,0,0,0,0,0,0,40,20,226,11.30,1,0,0,1,0,0,29,48.6,51.6,38.6,0,46,279
279,Clay Harbor,PHI,RB,25,14,9,0,0,0,0,0,0,0,0,0,0,0,39,25,186,7.44,2,1,1,2,0,0,29,53.6,57.6,41.1,0,86,280
280,DuJuan Harris,GNB,RB,24,4,2,0,0,0,0,0,0,0,34,157,4.62,2,2,2,17,8.50,0,0,0,2,0,0,29,31.4,34.4,30.4,0,85,281
281,Kyle Williams,SFO,WR,24,11,3,0,0,0,0,0,0,0,4,21,5.25,0,22,14,212,15.14,1,1,0,1,0,0,29,43.3,46.3,36.3,0,110,282
282,Darrel Young,WAS,TE,25,16,8,0,0,0,0,0,0,0,14,60,4.29,0,9,8,109,13.63,2,0,0,2,0,0,29,36.9,39.9,32.9,0,45,283
283,Rashard Mendenhall,PIT,RB,25,6,4,0,0,0,0,0,0,0,51,182,3.57,0,10,9,62,6.89,1,3,1,1,0,0,28,37.4,41.4,32.9,0,87,284
284,Brian Quick,STL,WR,23,15,1,0,0,0,0,0,0,0,0,0,0,0,27,11,156,14.18,2,0,0,2,0,0,28,38.6,41.6,33.1,0,112,285
285,Jordan Shipley,2TM,WR,27,7,2,0,0,0,0,0,0,0,0,0,0,0,39,23,244,10.61,1,1,1,1,0,0,28,51.4,55.4,39.9,0,111,286
286,LeGarrette Blount,TAM,RB,26,13,0,0,0,0,0,0,0,0,41,151,3.68,2,2,1,2,2.00,0,0,0,2,0,0,27,28.3,31.3,27.8,0,88,287
287,Ryan Grant,2TM,RB,30,5,1,0,0,0,0,0,0,0,32,132,4.13,2,2,1,34,34.00,0,1,1,2,0,0,27,27.6,31.6,27.1,0,91,288
288,John Kuhn,GNB,RB,30,14,3,0,0,0,0,0,0,0,23,63,2.74,1,18,15,148,9.87,0,0,0,1,0,0,27,42.1,45.1,34.6,0,90,289
289,Jorvorskie Lane,MIA,RB,25,16,5,0,0,0,0,0,0,0,13,13,1.00,2,12,11,79,7.18,1,3,1,3,1,0,27,38.2,39.2,32.7,0,89,290
290,Tashard Choice,BUF,RB,28,12,0,0,0,0,0,0,0,0,47,193,4.11,1,9,4,9,2.25,0,0,0,1,0,0,26,30.2,33.2,28.2,0,93,291
291,Braylon Edwards,2TM,WR,29,13,4,0,0,0,0,0,0,0,0,0,0,0,35,18,199,11.06,1,0,0,1,0,0,26,43.9,46.9,34.9,0,114,292
292,Derek Hagan,OAK,WR,28,14,2,0,0,0,0,0,0,0,0,0,0,0,36,20,259,12.95,0,0,0,0,0,0,26,45.9,48.9,35.9,0,115,293
293,Terrelle Pryor,OAK,QB,23,3,1,0,0,14,30,155,2,1,10,51,5.10,1,1,1,22,22.00,0,0,0,1,0,0,26,26.5,27.5,27.0,0,40,294
294,Chris Rainey,PIT,RB,24,16,0,0,0,0,0,0,0,0,26,102,3.92,2,22,14,60,4.29,0,4,1,2,0,0,26,40.2,44.2,33.2,0,92,295
295,Dante Rosario,SDG,TE,28,13,2,0,0,0,0,0,0,0,0,0,0,0,18,10,95,9.50,3,1,1,3,0,0,26,35.5,36.5,30.5,0,47,296
296,Micheal Spurlock,2TM,WR,29,14,1,0,0,0,0,0,0,0,0,0,0,0,29,23,200,8.70,1,1,0,3,0,0,26,61.0,64.0,49.5,0,113,297
297,Mohamed Massaquoi,CLE,WR,26,9,5,0,0,0,0,0,0,0,0,0,0,0,33,17,254,14.94,0,0,0,0,0,0,25,42.4,45.4,33.9,0,117,298
298,Jerome Simpson,MIN,WR,26,12,10,0,0,0,0,0,0,0,0,0,0,0,52,26,274,10.54,0,2,1,0,0,0,25,51.4,55.4,38.4,0,116,299
299,Brandon Tate,CIN,WR,25,16,3,0,0,0,0,0,0,0,1,0,0.00,0,25,13,211,16.23,1,4,1,1,0,0,25,38.1,42.1,31.6,0,118,300
